id,session_id,trace_id,type,created_at,name,input,output,dataset_input,dataset_output,external_id,has_children,is_complete,metrics/bleu,metrics/duration_ns,metrics/rouge,project_id,run_id,status_code,tags,updated_at
3ef90c8b-aadf-442d-83ee-7eaa4189afd9,35460888-2634-4211-82b8-b934cc93427f,3ef90c8b-aadf-442d-83ee-7eaa4189afd9,trace,2025-09-11 02:59:00.098739+00:00,sh_translation_gpt-3.5-turbo,"{""input"": {""prompt"": ""Translate the following english sentence into spanish:\nMedical devices\nOperation of any radio transmitting equipment, including wireless phones, may interfere with the functionality of inadequately protected medical devices. Consult a physician or the manufacturer of the medical device to determine if they are adequately shielded from external RF energy or if you have any questions. Switch off your device in health care facilities when any regulations posted in these areas instruct you to do so. Hospitals or health care facilities may be using equipment that could be sensitive to external RF energy. \nPacemakers\nPacemaker manufacturers recommend that a minimum separation of 6 inches (15.3 centimeters) be maintained between a wireless phone and a pacemaker to avoid potential interference with the pacemaker. These recommendations are consistent with the independent research by and recommendations of Wireless Technology Research. Persons with pacemakers should do the following:\n\u2022 Always keep the device more than 6 inches (15.3 centimeters) from the pacemaker\n\u2022 Not carry the device in a breast pocket\n\u2022 Hold the device to the ear opposite the pacemaker to minimize the potential for interference.\nIf you suspect interference, switch off your device, and move the device away.\nHearing aids\nSome digital wireless devices may interfere with some hearing aids. If interference occurs, consult your service provider."", ""model_output"": ""Dispositivos m\u00e9dicos\nLa operaci\u00f3n de cualquier equipo de transmisi\u00f3n de radio, incluidos los tel\u00e9fonos inal\u00e1mbricos, puede interferir con la funcionalidad de los dispositivos m\u00e9dicos mal protegidos. Consulte a un m\u00e9dico o al fabricante del dispositivo m\u00e9dico para determinar si est\u00e1n adecuadamente protegidos de la energ\u00eda de RF externa o si tiene alguna pregunta. Apague su dispositivo en instalaciones de atenci\u00f3n m\u00e9dica cuando las regulaciones publicadas en estas \u00e1reas le indiquen que lo haga. Los hospitales o centros de atenci\u00f3n m\u00e9dica pueden estar utilizando equipos que podr\u00edan ser sensibles a la energ\u00eda de RF externa. \n\nMarcapasos\nLos fabricantes de marcapasos recomiendan mantener una separaci\u00f3n m\u00ednima de 6 pulgadas (15.3 cent\u00edmetros) entre un tel\u00e9fono inal\u00e1mbrico y un marcapasos para evitar posibles interferencias con el marcapasos. Estas recomendaciones son consistentes con la investigaci\u00f3n y recomendaciones independientes de Wireless Technology Research. Las personas con marcapasos deben hacer lo siguiente:\n- Siempre mantener el dispositivo a m\u00e1s de 6 pulgadas (15.3 cent\u00edmetros) del marcapasos\n- No llevar el dispositivo en un bolsillo del pecho\n- Sostener el dispositivo en el o\u00eddo opuesto al marcapasos para minimizar el potencial de interferencia.\nSi sospecha interferencia, apague su dispositivo y mu\u00e9valo lejos.\n\nAud\u00edfonos\nAlgunos dispositivos inal\u00e1mbricos digitales pueden interferir con algunos aud\u00edfonos. Si ocurre interferencia, consulte a su proveedor de servicios.""}}","Dispositivos médicos
La operación de cualquier equipo de transmisión de radio, incluidos los teléfonos inalámbricos, puede interferir con la funcionalidad de los dispositivos médicos mal protegidos. Consulte a un médico o al fabricante del dispositivo médico para determinar si están adecuadamente protegidos de la energía de RF externa o si tiene alguna pregunta. Apague su dispositivo en instalaciones de atención médica cuando las regulaciones publicadas en estas áreas le indiquen que lo haga. Los hospitales o centros de atención médica pueden estar utilizando equipos que podrían ser sensibles a la energía de RF externa. 

Marcapasos
Los fabricantes de marcapasos recomiendan mantener una separación mínima de 6 pulgadas (15.3 centímetros) entre un teléfono inalámbrico y un marcapasos para evitar posibles interferencias con el marcapasos. Estas recomendaciones son consistentes con la investigación y recomendaciones independientes de Wireless Technology Research. Las personas con marcapasos deben hacer lo siguiente:
- Siempre mantener el dispositivo a más de 6 pulgadas (15.3 centímetros) del marcapasos
- No llevar el dispositivo en un bolsillo del pecho
- Sostener el dispositivo en el oído opuesto al marcapasos para minimizar el potencial de interferencia.
Si sospecha interferencia, apague su dispositivo y muévalo lejos.

Audífonos
Algunos dispositivos inalámbricos digitales pueden interferir con algunos audífonos. Si ocurre interferencia, consulte a su proveedor de servicios.","{""prompt"": ""Translate the following english sentence into spanish:\nMedical devices\nOperation of any radio transmitting equipment, including wireless phones, may interfere with the functionality of inadequately protected medical devices. Consult a physician or the manufacturer of the medical device to determine if they are adequately shielded from external RF energy or if you have any questions. Switch off your device in health care facilities when any regulations posted in these areas instruct you to do so. Hospitals or health care facilities may be using equipment that could be sensitive to external RF energy. \nPacemakers\nPacemaker manufacturers recommend that a minimum separation of 6 inches (15.3 centimeters) be maintained between a wireless phone and a pacemaker to avoid potential interference with the pacemaker. These recommendations are consistent with the independent research by and recommendations of Wireless Technology Research. Persons with pacemakers should do the following:\n\u2022 Always keep the device more than 6 inches (15.3 centimeters) from the pacemaker\n\u2022 Not carry the device in a breast pocket\n\u2022 Hold the device to the ear opposite the pacemaker to minimize the potential for interference.\nIf you suspect interference, switch off your device, and move the device away.\nHearing aids\nSome digital wireless devices may interfere with some hearing aids. If interference occurs, consult your service provider."", ""model_output"": ""Dispositivos m\u00e9dicos\nLa operaci\u00f3n de cualquier equipo de transmisi\u00f3n de radio, incluidos los tel\u00e9fonos inal\u00e1mbricos, puede interferir con la funcionalidad de los dispositivos m\u00e9dicos mal protegidos. Consulte a un m\u00e9dico o al fabricante del dispositivo m\u00e9dico para determinar si est\u00e1n adecuadamente protegidos de la energ\u00eda de RF externa o si tiene alguna pregunta. Apague su dispositivo en instalaciones de atenci\u00f3n m\u00e9dica cuando las regulaciones publicadas en estas \u00e1reas le indiquen que lo haga. Los hospitales o centros de atenci\u00f3n m\u00e9dica pueden estar utilizando equipos que podr\u00edan ser sensibles a la energ\u00eda de RF externa. \n\nMarcapasos\nLos fabricantes de marcapasos recomiendan mantener una separaci\u00f3n m\u00ednima de 6 pulgadas (15.3 cent\u00edmetros) entre un tel\u00e9fono inal\u00e1mbrico y un marcapasos para evitar posibles interferencias con el marcapasos. Estas recomendaciones son consistentes con la investigaci\u00f3n y recomendaciones independientes de Wireless Technology Research. Las personas con marcapasos deben hacer lo siguiente:\n- Siempre mantener el dispositivo a m\u00e1s de 6 pulgadas (15.3 cent\u00edmetros) del marcapasos\n- No llevar el dispositivo en un bolsillo del pecho\n- Sostener el dispositivo en el o\u00eddo opuesto al marcapasos para minimizar el potencial de interferencia.\nSi sospecha interferencia, apague su dispositivo y mu\u00e9valo lejos.\n\nAud\u00edfonos\nAlgunos dispositivos inal\u00e1mbricos digitales pueden interferir con algunos aud\u00edfonos. Si ocurre interferencia, consulte a su proveedor de servicios.""}","Dispositivos médicos
Los aparatos de radiotransmisión, incluso los teléfonos móviles, pueden interferir con el funcionamiento de dispositivos médicos que no estén protegidos adecuadamente. Consulte con un médico o con el fabricante del dispositivo médico si tiene alguna pregunta o para determinar si está correctamente protegido contra las señales externas de radiofrecuencia. Apague su dispositivo en los lugares específicos de los centros de salud donde se le indique. Es probable que en los hospitales y centros de salud se utilicen equipos sensibles a las señales externas de RF.
Marcapasos
Los fabricantes de marcapasos recomiendan que se mantenga una separación mínima de 6 pulgadas (15,3 centímetros) entre un teléfono móvil y el marcapasos a fin de minimizar la potencia para interferencia. Estos consejos provienen de la investigación independiente y recomendaciones de la Investigación tecnológica en telefonía móvil (Wireless Technology Research). Las personas con marcapasos:
• Deben mantener siempre una distancia de más de 6 pulgadas (15,3 centímetros) entre su dispositivo y el marcapasos
• No deben llevar el dispositivo en el bolsillo superior de la ropa 
• Deben utilizar el dispositivo en el oído contrario al marcapasos para minimizar las posibles interferencias. 
Si tiene alguna razón para sospechar que existen interferencias, apague su dispositivo y aléjelo.
Auxiliares auditivos
Algunos dispositivos móviles digitales pueden interferir con determinados aparatos auditivos. Si sucede alguna interferencia, comuníquese con su proveedor de servicios.",,True,True,25.432395935058594,928768,0.6882591247558594,8ceb87ae-7ab3-49c3-9a82-d2a54dda8133,1b828951-b770-4396-bbe8-d29598ef12f9,0,[],2025-09-11 03:03:30.573093+00:00
65dce91b-7ae8-4225-8a3c-355542405d76,35460888-2634-4211-82b8-b934cc93427f,65dce91b-7ae8-4225-8a3c-355542405d76,trace,2025-09-11 02:59:00.097637+00:00,sh_translation_gpt-3.5-turbo,"{""input"": {""prompt"": ""Translate the following english sentence into spanish:\nOperating environment\nRemember to follow any special regulations in force in any area, and always switch off your device when its use is prohibited or when it may cause interference or danger. Use the device only in its normal operating positions. This device meets  RF exposure guidelines when used either in the normal use position against the ear or when positioned at least 5/8 inch (1.5 centimeters) away from the body. When a carry case, belt clip, or holder is used for body-worn operation, it should not contain metal and should position the device the above-stated distance from your body. To transmit data files or messages, this device requires a quality connection to the network. In some cases, transmission of data files or messages may be delayed until such a connection is available. Ensure the above separation distance instructions are followed until the transmission is completed. Parts of the device are magnetic. Metallic materials may be attracted to the device. Do not place credit cards or other magnetic storage media near the device because information stored on them may be erased."", ""model_output"": ""Entorno de operaci\u00f3n\nRecuerde seguir cualquier regulaci\u00f3n especial vigente en cualquier \u00e1rea, y siempre apagar su dispositivo cuando su uso est\u00e9 prohibido o cuando pueda causar interferencias o peligro. Use el dispositivo solo en sus posiciones normales de funcionamiento. Este dispositivo cumple con las pautas de exposici\u00f3n a RF cuando se utiliza ya sea en la posici\u00f3n de uso normal contra el o\u00eddo o cuando se coloca al menos a 5/8 de pulgada (1.5 cent\u00edmetros) de distancia del cuerpo. Cuando se utiliza una funda, clip para cintur\u00f3n o soporte para la operaci\u00f3n cerca del cuerpo, no debe contener metal y debe colocar el dispositivo a la distancia mencionada anteriormente de su cuerpo. Para transmitir archivos de datos o mensajes, este dispositivo requiere una conexi\u00f3n de calidad a la red. En algunos casos, la transmisi\u00f3n de archivos de datos o mensajes puede retrasarse hasta que est\u00e9 disponible dicha conexi\u00f3n. Aseg\u00farese de seguir las instrucciones de separaci\u00f3n mencionadas anteriormente hasta que se complete la transmisi\u00f3n.\nAlgunas partes del dispositivo son magn\u00e9ticas. Los materiales met\u00e1licos pueden ser atra\u00eddos hacia el dispositivo. No coloque tarjetas de cr\u00e9dito u otros medios de almacenamiento magn\u00e9tico cerca del dispositivo porque la informaci\u00f3n almacenada en ellos podr\u00eda borrarse.""}}","Entorno de operación
Recuerde seguir cualquier regulación especial vigente en cualquier área, y siempre apagar su dispositivo cuando su uso esté prohibido o cuando pueda causar interferencias o peligro. Use el dispositivo solo en sus posiciones normales de funcionamiento. Este dispositivo cumple con las pautas de exposición a RF cuando se utiliza ya sea en la posición de uso normal contra el oído o cuando se coloca al menos a 5/8 de pulgada (1.5 centímetros) de distancia del cuerpo. Cuando se utiliza una funda, clip para cinturón o soporte para la operación cerca del cuerpo, no debe contener metal y debe colocar el dispositivo a la distancia mencionada anteriormente de su cuerpo. Para transmitir archivos de datos o mensajes, este dispositivo requiere una conexión de calidad a la red. En algunos casos, la transmisión de archivos de datos o mensajes puede retrasarse hasta que esté disponible dicha conexión. Asegúrese de seguir las instrucciones de separación mencionadas anteriormente hasta que se complete la transmisión.
Algunas partes del dispositivo son magnéticas. Los materiales metálicos pueden ser atraídos hacia el dispositivo. No coloque tarjetas de crédito u otros medios de almacenamiento magnético cerca del dispositivo porque la información almacenada en ellos podría borrarse.","{""prompt"": ""Translate the following english sentence into spanish:\nOperating environment\nRemember to follow any special regulations in force in any area, and always switch off your device when its use is prohibited or when it may cause interference or danger. Use the device only in its normal operating positions. This device meets  RF exposure guidelines when used either in the normal use position against the ear or when positioned at least 5/8 inch (1.5 centimeters) away from the body. When a carry case, belt clip, or holder is used for body-worn operation, it should not contain metal and should position the device the above-stated distance from your body. To transmit data files or messages, this device requires a quality connection to the network. In some cases, transmission of data files or messages may be delayed until such a connection is available. Ensure the above separation distance instructions are followed until the transmission is completed. Parts of the device are magnetic. Metallic materials may be attracted to the device. Do not place credit cards or other magnetic storage media near the device because information stored on them may be erased."", ""model_output"": ""Entorno de operaci\u00f3n\nRecuerde seguir cualquier regulaci\u00f3n especial vigente en cualquier \u00e1rea, y siempre apagar su dispositivo cuando su uso est\u00e9 prohibido o cuando pueda causar interferencias o peligro. Use el dispositivo solo en sus posiciones normales de funcionamiento. Este dispositivo cumple con las pautas de exposici\u00f3n a RF cuando se utiliza ya sea en la posici\u00f3n de uso normal contra el o\u00eddo o cuando se coloca al menos a 5/8 de pulgada (1.5 cent\u00edmetros) de distancia del cuerpo. Cuando se utiliza una funda, clip para cintur\u00f3n o soporte para la operaci\u00f3n cerca del cuerpo, no debe contener metal y debe colocar el dispositivo a la distancia mencionada anteriormente de su cuerpo. Para transmitir archivos de datos o mensajes, este dispositivo requiere una conexi\u00f3n de calidad a la red. En algunos casos, la transmisi\u00f3n de archivos de datos o mensajes puede retrasarse hasta que est\u00e9 disponible dicha conexi\u00f3n. Aseg\u00farese de seguir las instrucciones de separaci\u00f3n mencionadas anteriormente hasta que se complete la transmisi\u00f3n.\nAlgunas partes del dispositivo son magn\u00e9ticas. Los materiales met\u00e1licos pueden ser atra\u00eddos hacia el dispositivo. No coloque tarjetas de cr\u00e9dito u otros medios de almacenamiento magn\u00e9tico cerca del dispositivo porque la informaci\u00f3n almacenada en ellos podr\u00eda borrarse.""}","Entorno operativo
Respete la normativa especial vigente en la zona donde se encuentra y apague el dispositivo siempre que esté prohibido su uso, cuando pueda causar interferencia o resultar peligroso. Use el dispositivo en su posición normal de funcionamiento. Este dispositivo cumple con las normas de exposición a RF cuando es usado en su posición normal de funcionamiento, cerca del oído o portado a una distancia mínima de 5/8 de pulgada (1,5 centímetros) del cuerpo. Al portar el dispositivo en accesorios como un estuche, clip de cinturón o soporte, utilice sólo los que no contengan metal y que mantengan el dispositivo lejos del cuerpo a la distancia mínima del cuerpo, como indicada arriba. Para transmitir archivos de datos o mensajes, este dispositivo requiere una conexión de calidad a la red. En algunos casos, la transmisión de archivos de datos o mensajes pueden demorarse hasta que la conexión adecuada esté disponible. Siga las instrucciones anteriores sobre las distancias de separación hasta que la transmisión haya finalizado.Algunas piezas del dispositivo son magnéticas. Su dispositivo puede atraer materiales metálicos. No coloque tarjetas de crédito, ni otros medios magnéticos de almacenamiento de datos, cerca del dispositivo, pues la información que almacenen puede perderse.",,True,True,35.64946365356445,632064,0.7297297120094299,8ceb87ae-7ab3-49c3-9a82-d2a54dda8133,1b828951-b770-4396-bbe8-d29598ef12f9,0,[],2025-09-11 03:03:30.573093+00:00
e85f5ebc-6039-413b-881e-3b3742c75452,35460888-2634-4211-82b8-b934cc93427f,e85f5ebc-6039-413b-881e-3b3742c75452,trace,2025-09-11 02:59:00.096833+00:00,sh_translation_gpt-3.5-turbo,"{""input"": {""prompt"": ""Translate the following english sentence into spanish:\nBrowse\nIt should not be necessary to manually configure the browser on your phone. Normally this is done by your service provider once you have subscribed to the feature. Contact your service provider if you have problems using the browser. After you make a connection to the service, you can start browsing its pages. The function of the phone keys may vary in different services. Follow the text guides on the phone display. For more information, contact your service provider."", ""model_output"": ""Navegar\nNo deber\u00eda ser necesario configurar manualmente el navegador en tu tel\u00e9fono. Normalmente, esto lo hace tu proveedor de servicios una vez que te hayas suscrito a la funci\u00f3n. Contacta a tu proveedor de servicios si tienes problemas al usar el navegador. Despu\u00e9s de conectarte al servicio, puedes empezar a explorar sus p\u00e1ginas. La funci\u00f3n de las teclas del tel\u00e9fono puede variar en distintos servicios. Sigue las gu\u00edas de texto en la pantalla del tel\u00e9fono. Para m\u00e1s informaci\u00f3n, contacta a tu proveedor de servicios.""}}","Navegar
No debería ser necesario configurar manualmente el navegador en tu teléfono. Normalmente, esto lo hace tu proveedor de servicios una vez que te hayas suscrito a la función. Contacta a tu proveedor de servicios si tienes problemas al usar el navegador. Después de conectarte al servicio, puedes empezar a explorar sus páginas. La función de las teclas del teléfono puede variar en distintos servicios. Sigue las guías de texto en la pantalla del teléfono. Para más información, contacta a tu proveedor de servicios.","{""prompt"": ""Translate the following english sentence into spanish:\nBrowse\nIt should not be necessary to manually configure the browser on your phone. Normally this is done by your service provider once you have subscribed to the feature. Contact your service provider if you have problems using the browser. After you make a connection to the service, you can start browsing its pages. The function of the phone keys may vary in different services. Follow the text guides on the phone display. For more information, contact your service provider."", ""model_output"": ""Navegar\nNo deber\u00eda ser necesario configurar manualmente el navegador en tu tel\u00e9fono. Normalmente, esto lo hace tu proveedor de servicios una vez que te hayas suscrito a la funci\u00f3n. Contacta a tu proveedor de servicios si tienes problemas al usar el navegador. Despu\u00e9s de conectarte al servicio, puedes empezar a explorar sus p\u00e1ginas. La funci\u00f3n de las teclas del tel\u00e9fono puede variar en distintos servicios. Sigue las gu\u00edas de texto en la pantalla del tel\u00e9fono. Para m\u00e1s informaci\u00f3n, contacta a tu proveedor de servicios.""}","Explorar
No debería ser necesario configurar manualmente el explorador en su teléfono. Normalmente esto lo hace su proveedor de servicios una vez que se ha suscrito a la función. Comuníquese con su proveedor de servicios en caso de tener problemas al usar el explorador. Tras hacer la conexión al servicio, puede empezar a explorar por sus páginas. La función de las teclas del teléfono puede variar según los servicios. Siga las instrucciones de texto en la pantalla del teléfono. Para obtener más información, consulte a su proveedor de servicios.",,True,True,46.11248779296875,606976,0.7551020383834839,8ceb87ae-7ab3-49c3-9a82-d2a54dda8133,1b828951-b770-4396-bbe8-d29598ef12f9,0,[],2025-09-11 03:03:30.573093+00:00
1edcb8c1-d868-48f6-90a8-272c2bed5779,35460888-2634-4211-82b8-b934cc93427f,1edcb8c1-d868-48f6-90a8-272c2bed5779,trace,2025-09-11 02:59:00.096041+00:00,sh_translation_gpt-3.5-turbo,"{""input"": {""prompt"": ""Translate the following english sentence into spanish:\nTechnology background\nA technology called wireless application protocol (WAP) is to mobile devices what the world wide web (WWW) is to personal computers. Most WAP sites are made up of text and hyperlinks. Some pages even contain low-resolution graphics or require data input. You may not be able to view all the details of the mobile internet pages, as page appearance may vary due to screen size."", ""model_output"": ""Antecedentes tecnol\u00f3gicos\nUna tecnolog\u00eda llamada protocolo de aplicaci\u00f3n inal\u00e1mbrica (WAP) es para dispositivos m\u00f3viles\nlo que la World Wide Web (WWW) es para computadoras personales.\nLa mayor\u00eda de los sitios WAP est\u00e1n compuestos por texto y enlaces. Algunas p\u00e1ginas incluso contienen\ngr\u00e1ficos de baja resoluci\u00f3n o requieren entrada de datos.\nEs posible que no pueda ver todos los detalles de las p\u00e1ginas de internet m\u00f3vil, ya que la apariencia de la p\u00e1gina puede variar debido al tama\u00f1o de la pantalla.""}}","Antecedentes tecnológicos
Una tecnología llamada protocolo de aplicación inalámbrica (WAP) es para dispositivos móviles
lo que la World Wide Web (WWW) es para computadoras personales.
La mayoría de los sitios WAP están compuestos por texto y enlaces. Algunas páginas incluso contienen
gráficos de baja resolución o requieren entrada de datos.
Es posible que no pueda ver todos los detalles de las páginas de internet móvil, ya que la apariencia de la página puede variar debido al tamaño de la pantalla.","{""prompt"": ""Translate the following english sentence into spanish:\nTechnology background\nA technology called wireless application protocol (WAP) is to mobile devices what the world wide web (WWW) is to personal computers. Most WAP sites are made up of text and hyperlinks. Some pages even contain low-resolution graphics or require data input. You may not be able to view all the details of the mobile internet pages, as page appearance may vary due to screen size."", ""model_output"": ""Antecedentes tecnol\u00f3gicos\nUna tecnolog\u00eda llamada protocolo de aplicaci\u00f3n inal\u00e1mbrica (WAP) es para dispositivos m\u00f3viles\nlo que la World Wide Web (WWW) es para computadoras personales.\nLa mayor\u00eda de los sitios WAP est\u00e1n compuestos por texto y enlaces. Algunas p\u00e1ginas incluso contienen\ngr\u00e1ficos de baja resoluci\u00f3n o requieren entrada de datos.\nEs posible que no pueda ver todos los detalles de las p\u00e1ginas de internet m\u00f3vil, ya que la apariencia de la p\u00e1gina puede variar debido al tama\u00f1o de la pantalla.""}","Antecedentes de la tecnología
Una tecnología llamada protocolo de aplicación de telefonía inalámbrica (WAP) es para dispositivos móviles lo que la red mundial web (WWW) es para las computadoras personales. La mayoría de los sitios WAP están formados por texto e hipervínculos. Algunas páginas hasta contienen gráficos de baja resolución o requieren de ingreso de datos. Es posible que no pueda ver todos los detalles de las páginas de internet móvil, debido a que la apariencia de la página puede variar dependiendo del tamaño de la pantalla.",,True,True,64.09889221191406,580864,0.8426395654678345,8ceb87ae-7ab3-49c3-9a82-d2a54dda8133,1b828951-b770-4396-bbe8-d29598ef12f9,0,[],2025-09-11 03:03:30.573093+00:00
5f1dad39-914a-4782-a2bb-a43009e0472b,35460888-2634-4211-82b8-b934cc93427f,5f1dad39-914a-4782-a2bb-a43009e0472b,trace,2025-09-11 02:59:00.095324+00:00,sh_translation_gpt-3.5-turbo,"{""input"": {""prompt"": ""Translate the following english sentence into spanish:\nWeb\nYour phone has a built-in browser, which can be used to connect to selected services on the mobile internet. Many wireless mobile internet access features are network-dependent, and some features may not be available. Contact your service provider for more information."", ""model_output"": ""Tu tel\u00e9fono tiene un navegador incorporado, que se puede utilizar para conectarse a servicios seleccionados en Internet m\u00f3vil. Muchas de las funciones de acceso inal\u00e1mbrico a Internet m\u00f3vil dependen de la red y es posible que algunas funciones no est\u00e9n disponibles. Ponte en contacto con tu proveedor de servicios para obtener m\u00e1s informaci\u00f3n.""}}","Tu teléfono tiene un navegador incorporado, que se puede utilizar para conectarse a servicios seleccionados en Internet móvil. Muchas de las funciones de acceso inalámbrico a Internet móvil dependen de la red y es posible que algunas funciones no estén disponibles. Ponte en contacto con tu proveedor de servicios para obtener más información.","{""prompt"": ""Translate the following english sentence into spanish:\nWeb\nYour phone has a built-in browser, which can be used to connect to selected services on the mobile internet. Many wireless mobile internet access features are network-dependent, and some features may not be available. Contact your service provider for more information."", ""model_output"": ""Tu tel\u00e9fono tiene un navegador incorporado, que se puede utilizar para conectarse a servicios seleccionados en Internet m\u00f3vil. Muchas de las funciones de acceso inal\u00e1mbrico a Internet m\u00f3vil dependen de la red y es posible que algunas funciones no est\u00e9n disponibles. Ponte en contacto con tu proveedor de servicios para obtener m\u00e1s informaci\u00f3n.""}","Web
Su teléfono tiene un explorador incorporado, que se puede utilizar para conectarse a servicios seleccionados en internet móvil. Muchas funciones inalámbricas de acceso a internet móvil dependen de la red y es posible que algunas funciones no estén disponibles. Comuníquese con su proveedor de servicios para obtener más información.",,True,True,61.67637252807617,533760,0.8644067645072937,8ceb87ae-7ab3-49c3-9a82-d2a54dda8133,1b828951-b770-4396-bbe8-d29598ef12f9,0,[],2025-09-11 03:03:30.573093+00:00
5492a5e3-dff6-4642-a9d5-0fedf24ee5eb,35460888-2634-4211-82b8-b934cc93427f,5492a5e3-dff6-4642-a9d5-0fedf24ee5eb,trace,2025-09-11 02:59:00.094598+00:00,sh_translation_gpt-3.5-turbo,"{""input"": {""prompt"": ""Translate the following english sentence into spanish:\nRadio\nThe FM radio depends on an antenna other than the wireless device antenna. A compatible headset or enhancement needs to be attached to the device for the FM radio to function properly.\nWarning: Listen to music at a moderate level.Continuous exposure to high volume may damage your hearing."", ""model_output"": ""Radio\nLa radio FM depende de una antena distinta a la antena del dispositivo inal\u00e1mbrico. Se necesita conectar unos auriculares o un accesorio compatible al dispositivo para que la radio FM funcione correctamente. Advertencia: Escucha m\u00fasica a un nivel moderado. La exposici\u00f3n continua a un volumen alto puede da\u00f1ar tu audici\u00f3n.""}}","Radio
La radio FM depende de una antena distinta a la antena del dispositivo inalámbrico. Se necesita conectar unos auriculares o un accesorio compatible al dispositivo para que la radio FM funcione correctamente. Advertencia: Escucha música a un nivel moderado. La exposición continua a un volumen alto puede dañar tu audición.","{""prompt"": ""Translate the following english sentence into spanish:\nRadio\nThe FM radio depends on an antenna other than the wireless device antenna. A compatible headset or enhancement needs to be attached to the device for the FM radio to function properly.\nWarning: Listen to music at a moderate level.Continuous exposure to high volume may damage your hearing."", ""model_output"": ""Radio\nLa radio FM depende de una antena distinta a la antena del dispositivo inal\u00e1mbrico. Se necesita conectar unos auriculares o un accesorio compatible al dispositivo para que la radio FM funcione correctamente. Advertencia: Escucha m\u00fasica a un nivel moderado. La exposici\u00f3n continua a un volumen alto puede da\u00f1ar tu audici\u00f3n.""}","Radio
La radio FM depende de una antena además a la antena del dispositivo inalámbrico.  Para que la radio FM funcione adecuadamente, es preciso conectar un auricular o accesorio compatible al dispositivo.
Advertencia: Escuche música a un volumen moderado. La exposición prolongada a un nivel de volumen alto puede perjudicar su facultad auditiva.",,True,True,44.30957794189453,940800,0.778761088848114,8ceb87ae-7ab3-49c3-9a82-d2a54dda8133,1b828951-b770-4396-bbe8-d29598ef12f9,0,[],2025-09-11 03:03:30.573093+00:00
b95ceb64-f9f2-4af2-bdbb-9109a4b98fcf,35460888-2634-4211-82b8-b934cc93427f,b95ceb64-f9f2-4af2-bdbb-9109a4b98fcf,trace,2025-09-11 02:59:00.093534+00:00,sh_translation_gpt-3.5-turbo,"{""input"": {""prompt"": ""Translate the following english sentence into spanish:\nMusic player\nYour phone includes a music player for listening to music tracks, recordings, or MP3, MP4, WMA (Windows Media Audio), AAC, AAC+, or eAAC+ sound files that you have transferred to the phone with the Nokia Music Manager application. Music files are automatically detected and added to the default track list."", ""model_output"": ""Reproductor de m\u00fasica\nTu tel\u00e9fono incluye un reproductor de m\u00fasica para escuchar pistas de m\u00fasica, grabaciones o archivos de sonido MP3, MP4, WMA (Windows Media Audio), AAC, AAC+ o eAAC+ que hayas transferido al tel\u00e9fono con la aplicaci\u00f3n Nokia Music Manager. Los archivos de m\u00fasica se detectan autom\u00e1ticamente y se agregan a la lista de pistas por defecto.""}}","Reproductor de música
Tu teléfono incluye un reproductor de música para escuchar pistas de música, grabaciones o archivos de sonido MP3, MP4, WMA (Windows Media Audio), AAC, AAC+ o eAAC+ que hayas transferido al teléfono con la aplicación Nokia Music Manager. Los archivos de música se detectan automáticamente y se agregan a la lista de pistas por defecto.","{""prompt"": ""Translate the following english sentence into spanish:\nMusic player\nYour phone includes a music player for listening to music tracks, recordings, or MP3, MP4, WMA (Windows Media Audio), AAC, AAC+, or eAAC+ sound files that you have transferred to the phone with the Nokia Music Manager application. Music files are automatically detected and added to the default track list."", ""model_output"": ""Reproductor de m\u00fasica\nTu tel\u00e9fono incluye un reproductor de m\u00fasica para escuchar pistas de m\u00fasica, grabaciones o archivos de sonido MP3, MP4, WMA (Windows Media Audio), AAC, AAC+ o eAAC+ que hayas transferido al tel\u00e9fono con la aplicaci\u00f3n Nokia Music Manager. Los archivos de m\u00fasica se detectan autom\u00e1ticamente y se agregan a la lista de pistas por defecto.""}","Reproductor de música
Su teléfono incluye un reproductor de música para escuchar sus pistas de música, grabaciones o archivos de sonido MP3, MP4, WMA (Windows Media Audio), AAC, AAC+ o eAAC+ que haya transferido al teléfono con la aplicación Nokia Music Manager. Los archivos de música se detectan y agregan automáticamente a la lista de pistas predeterminada.",,True,True,78.6026382446289,400128,0.9465649127960205,8ceb87ae-7ab3-49c3-9a82-d2a54dda8133,1b828951-b770-4396-bbe8-d29598ef12f9,0,[],2025-09-11 03:03:30.573093+00:00
065022db-c1b0-4b24-b820-6e0f236889a1,35460888-2634-4211-82b8-b934cc93427f,065022db-c1b0-4b24-b820-6e0f236889a1,trace,2025-09-11 02:59:00.092998+00:00,sh_translation_gpt-3.5-turbo,"{""input"": {""prompt"": ""Translate the following english sentence into spanish:\nSwitch the phone on and off Press and hold the end key until the phone switches on or off. If the phone asks for a PIN, enter the code, and select OK."", ""model_output"": ""Encienda y apague el tel\u00e9fono. Presione y mantenga presionada la tecla de finalizaci\u00f3n hasta que el tel\u00e9fono se encienda o se apague. Si el tel\u00e9fono pide un PIN, ingrese el c\u00f3digo y seleccione OK.""}}","Encienda y apague el teléfono. Presione y mantenga presionada la tecla de finalización hasta que el teléfono se encienda o se apague. Si el teléfono pide un PIN, ingrese el código y seleccione OK.","{""prompt"": ""Translate the following english sentence into spanish:\nSwitch the phone on and off Press and hold the end key until the phone switches on or off. If the phone asks for a PIN, enter the code, and select OK."", ""model_output"": ""Encienda y apague el tel\u00e9fono. Presione y mantenga presionada la tecla de finalizaci\u00f3n hasta que el tel\u00e9fono se encienda o se apague. Si el tel\u00e9fono pide un PIN, ingrese el c\u00f3digo y seleccione OK.""}","Encender y apagar el teléfono Mantenga pulsada la tecla Finalizar  hasta que el teléfono se encienda o se apague. Si el teléfono solicita un código PIN, ingréselo y seleccione OK.",,True,True,44.08658981323242,369152,0.7567567825317383,8ceb87ae-7ab3-49c3-9a82-d2a54dda8133,1b828951-b770-4396-bbe8-d29598ef12f9,0,[],2025-09-11 03:03:30.573093+00:00
33c5fdd6-e139-428a-81d3-98127b966ee9,35460888-2634-4211-82b8-b934cc93427f,33c5fdd6-e139-428a-81d3-98127b966ee9,trace,2025-09-11 02:59:00.092430+00:00,sh_translation_gpt-3.5-turbo,"{""input"": {""prompt"": ""Translate the following english sentence into spanish:\ncharge the battery\n1. Connect the charger to a standard wall outlet.\n2. Insert the charger plug into the round jack in the bottom of the phone. If the battery is completely discharged, it may take a few minutes before the charging indicator appears on the display or before any calls can be made.\n3. Disconnect the charger from the phone when the battery is fully charged.\nYou can use the phone while the charger is connected. The charging time depends on the charger and the battery used. For example, charging a BL-5C battery with the AC-3 charger takes approximately 2 hours and 20 minutes while the phone is in the standby mode."", ""model_output"": ""Carga la bater\u00eda\n1. Conecta el cargador a una toma de corriente est\u00e1ndar.\n2. Inserta el enchufe del cargador en la entrada redonda en la parte inferior del tel\u00e9fono. Si la bater\u00eda est\u00e1 completamente descargada, puede tomar unos minutos antes de que aparezca el indicador de carga en la pantalla o antes de que se puedan realizar llamadas.\n3. Desconecta el cargador del tel\u00e9fono cuando la bater\u00eda est\u00e9 completamente cargada.\nPuedes usar el tel\u00e9fono mientras el cargador est\u00e1 conectado. El tiempo de carga depende del cargador y de la bater\u00eda utilizada. Por ejemplo, cargar una bater\u00eda BL-5C con el cargador AC-3 toma aproximadamente 2 horas y 20 minutos mientras el tel\u00e9fono est\u00e1 en modo de espera.""}}","Carga la batería
1. Conecta el cargador a una toma de corriente estándar.
2. Inserta el enchufe del cargador en la entrada redonda en la parte inferior del teléfono. Si la batería está completamente descargada, puede tomar unos minutos antes de que aparezca el indicador de carga en la pantalla o antes de que se puedan realizar llamadas.
3. Desconecta el cargador del teléfono cuando la batería esté completamente cargada.
Puedes usar el teléfono mientras el cargador está conectado. El tiempo de carga depende del cargador y de la batería utilizada. Por ejemplo, cargar una batería BL-5C con el cargador AC-3 toma aproximadamente 2 horas y 20 minutos mientras el teléfono está en modo de espera.","{""prompt"": ""Translate the following english sentence into spanish:\ncharge the battery\n1. Connect the charger to a standard wall outlet.\n2. Insert the charger plug into the round jack in the bottom of the phone. If the battery is completely discharged, it may take a few minutes before the charging indicator appears on the display or before any calls can be made.\n3. Disconnect the charger from the phone when the battery is fully charged.\nYou can use the phone while the charger is connected. The charging time depends on the charger and the battery used. For example, charging a BL-5C battery with the AC-3 charger takes approximately 2 hours and 20 minutes while the phone is in the standby mode."", ""model_output"": ""Carga la bater\u00eda\n1. Conecta el cargador a una toma de corriente est\u00e1ndar.\n2. Inserta el enchufe del cargador en la entrada redonda en la parte inferior del tel\u00e9fono. Si la bater\u00eda est\u00e1 completamente descargada, puede tomar unos minutos antes de que aparezca el indicador de carga en la pantalla o antes de que se puedan realizar llamadas.\n3. Desconecta el cargador del tel\u00e9fono cuando la bater\u00eda est\u00e9 completamente cargada.\nPuedes usar el tel\u00e9fono mientras el cargador est\u00e1 conectado. El tiempo de carga depende del cargador y de la bater\u00eda utilizada. Por ejemplo, cargar una bater\u00eda BL-5C con el cargador AC-3 toma aproximadamente 2 horas y 20 minutos mientras el tel\u00e9fono est\u00e1 en modo de espera.""}","Cargar la batería 
1. Conecte el cargador a un enchufe de pared estándar.
2. Inserte el conector del cargador en el enchufe redondo en la base del teléfono. Si la batería está completamente descargada, es posible que pasen varios minutos antes de que el indicador de carga aparezca en la pantalla o antes de poder realizar alguna llamada.
3. Desconecte el cargador del teléfono cuando la batería esté completamente cargada.
Puede usar el teléfono mientras el cargador está conectado. Los tiempos de carga dependen del cargador y la batería usada. Por ejemplo, cargar una batería BL-5C con el cargador AC-3 toma aproximadamente 2 horas y 20 minutos con el teléfono en el modo standby.",,True,True,52.06233596801758,447744,0.8188976645469666,8ceb87ae-7ab3-49c3-9a82-d2a54dda8133,1b828951-b770-4396-bbe8-d29598ef12f9,0,[],2025-09-11 03:03:30.573093+00:00
5f75491f-f535-4b0d-af41-ce0219164f20,35460888-2634-4211-82b8-b934cc93427f,5f75491f-f535-4b0d-af41-ce0219164f20,trace,2025-09-11 02:59:00.091495+00:00,sh_translation_gpt-3.5-turbo,"{""input"": {""prompt"": ""Translate the following english sentence into spanish:\nInstall the SIM card and battery Always switch the device off, and disconnect the charger before removing the battery. Keep all SIM cards out of the reach of small children. For availability and information on using SIM card services, contact your SIM card vendor. This may be the service provider, network operator, or other vendor. The SIM card and its contacts can easily be damaged by scratches or bending, so be careful when handling, inserting, or removing the card. To install the SIM card:\n1. Press firmly and slide the top of the back cover to release it; then remove the back cover by lifting it from the phone. 2. After you have removed the back cover, insert your fingernail under the battery, and lift it as shown.\n3. Place a fingernail in the middle of the metal SIM card holder. Then, unlatch and swing the SIM card holder open. \n4. Insert the SIM card into the holder as shown, beveled corner first, with the gold-colored contacts on the SIM card face up (away from the phone).\n5. Swing the SIM card holder closed. The gold-colored contacts on the SIM card meet the gold-colored contacts on the inside of the phone. Gently press the SIM card holder into the phone until it clicks into place.\n6. Replace the battery, by positioning it (with the label side facing up), so the gold-colored contacts match up with those on the phone. Slide the battery in until it snaps into place. \n7. Slide the back cover until it locks into place."", ""model_output"": ""Instala la tarjeta SIM y la bater\u00eda\nSiempre apaga el dispositivo y desconecta el cargador antes de quitar la bater\u00eda.\nMant\u00e9n todas las tarjetas SIM fuera del alcance de los ni\u00f1os peque\u00f1os.\nPara disponibilidad e informaci\u00f3n sobre el uso de los servicios de la tarjeta SIM, contacta a tu proveedor de tarjetas SIM. Esto puede ser el proveedor de servicio, el operador de red u otro vendedor.\nLa tarjeta SIM y sus contactos pueden da\u00f1arse f\u00e1cilmente por ara\u00f1azos o dobleces, as\u00ed que ten cuidado al manejar, insertar o quitar la tarjeta.\nPara instalar la tarjeta SIM:\n1. Presiona firmemente y desliza la parte superior de la tapa trasera para soltarla; luego retira la tapa trasera levant\u00e1ndola del tel\u00e9fono.\n2. Despu\u00e9s de haber retirado la tapa trasera, introduce tu u\u00f1a debajo de la bater\u00eda y lev\u00e1ntala como se muestra.\n3. Coloca una u\u00f1a en el medio del portatarjetas SIM de metal. Luego, desengancha y gira el portatarjetas SIM.\n4. Inserta la tarjeta SIM en el portatarjetas, con la esquina biselada primero, con los contactos de color dorado en la cara de la tarjeta SIM hacia arriba (alejados del tel\u00e9fono).\n5. Cierra el portatarjetas SIM. Los contactos de color dorado en la tarjeta SIM se encuentran con los contactos de color dorado en el interior del tel\u00e9fono. Presiona suavemente el portatarjetas SIM en el tel\u00e9fono hasta que encaje en su lugar.\n6. Reemplaza la bater\u00eda, posicion\u00e1ndola (con la parte de la etiqueta hacia arriba), de manera que los contactos de color dorado coincidan con los del tel\u00e9fono. Desliza la bater\u00eda hasta que encaje en su lugar.\n7. Desliza la tapa trasera hasta que encaje en su lugar.""}}","Instala la tarjeta SIM y la batería
Siempre apaga el dispositivo y desconecta el cargador antes de quitar la batería.
Mantén todas las tarjetas SIM fuera del alcance de los niños pequeños.
Para disponibilidad e información sobre el uso de los servicios de la tarjeta SIM, contacta a tu proveedor de tarjetas SIM. Esto puede ser el proveedor de servicio, el operador de red u otro vendedor.
La tarjeta SIM y sus contactos pueden dañarse fácilmente por arañazos o dobleces, así que ten cuidado al manejar, insertar o quitar la tarjeta.
Para instalar la tarjeta SIM:
1. Presiona firmemente y desliza la parte superior de la tapa trasera para soltarla; luego retira la tapa trasera levantándola del teléfono.
2. Después de haber retirado la tapa trasera, introduce tu uña debajo de la batería y levántala como se muestra.
3. Coloca una uña en el medio del portatarjetas SIM de metal. Luego, desengancha y gira el portatarjetas SIM.
4. Inserta la tarjeta SIM en el portatarjetas, con la esquina biselada primero, con los contactos de color dorado en la cara de la tarjeta SIM hacia arriba (alejados del teléfono).
5. Cierra el portatarjetas SIM. Los contactos de color dorado en la tarjeta SIM se encuentran con los contactos de color dorado en el interior del teléfono. Presiona suavemente el portatarjetas SIM en el teléfono hasta que encaje en su lugar.
6. Reemplaza la batería, posicionándola (con la parte de la etiqueta hacia arriba), de manera que los contactos de color dorado coincidan con los del teléfono. Desliza la batería hasta que encaje en su lugar.
7. Desliza la tapa trasera hasta que encaje en su lugar.","{""prompt"": ""Translate the following english sentence into spanish:\nInstall the SIM card and battery Always switch the device off, and disconnect the charger before removing the battery. Keep all SIM cards out of the reach of small children. For availability and information on using SIM card services, contact your SIM card vendor. This may be the service provider, network operator, or other vendor. The SIM card and its contacts can easily be damaged by scratches or bending, so be careful when handling, inserting, or removing the card. To install the SIM card:\n1. Press firmly and slide the top of the back cover to release it; then remove the back cover by lifting it from the phone. 2. After you have removed the back cover, insert your fingernail under the battery, and lift it as shown.\n3. Place a fingernail in the middle of the metal SIM card holder. Then, unlatch and swing the SIM card holder open. \n4. Insert the SIM card into the holder as shown, beveled corner first, with the gold-colored contacts on the SIM card face up (away from the phone).\n5. Swing the SIM card holder closed. The gold-colored contacts on the SIM card meet the gold-colored contacts on the inside of the phone. Gently press the SIM card holder into the phone until it clicks into place.\n6. Replace the battery, by positioning it (with the label side facing up), so the gold-colored contacts match up with those on the phone. Slide the battery in until it snaps into place. \n7. Slide the back cover until it locks into place."", ""model_output"": ""Instala la tarjeta SIM y la bater\u00eda\nSiempre apaga el dispositivo y desconecta el cargador antes de quitar la bater\u00eda.\nMant\u00e9n todas las tarjetas SIM fuera del alcance de los ni\u00f1os peque\u00f1os.\nPara disponibilidad e informaci\u00f3n sobre el uso de los servicios de la tarjeta SIM, contacta a tu proveedor de tarjetas SIM. Esto puede ser el proveedor de servicio, el operador de red u otro vendedor.\nLa tarjeta SIM y sus contactos pueden da\u00f1arse f\u00e1cilmente por ara\u00f1azos o dobleces, as\u00ed que ten cuidado al manejar, insertar o quitar la tarjeta.\nPara instalar la tarjeta SIM:\n1. Presiona firmemente y desliza la parte superior de la tapa trasera para soltarla; luego retira la tapa trasera levant\u00e1ndola del tel\u00e9fono.\n2. Despu\u00e9s de haber retirado la tapa trasera, introduce tu u\u00f1a debajo de la bater\u00eda y lev\u00e1ntala como se muestra.\n3. Coloca una u\u00f1a en el medio del portatarjetas SIM de metal. Luego, desengancha y gira el portatarjetas SIM.\n4. Inserta la tarjeta SIM en el portatarjetas, con la esquina biselada primero, con los contactos de color dorado en la cara de la tarjeta SIM hacia arriba (alejados del tel\u00e9fono).\n5. Cierra el portatarjetas SIM. Los contactos de color dorado en la tarjeta SIM se encuentran con los contactos de color dorado en el interior del tel\u00e9fono. Presiona suavemente el portatarjetas SIM en el tel\u00e9fono hasta que encaje en su lugar.\n6. Reemplaza la bater\u00eda, posicion\u00e1ndola (con la parte de la etiqueta hacia arriba), de manera que los contactos de color dorado coincidan con los del tel\u00e9fono. Desliza la bater\u00eda hasta que encaje en su lugar.\n7. Desliza la tapa trasera hasta que encaje en su lugar.""}","Instalar la tarjeta SIM y la batería Siempre apague el dispositivo y desconecte el cargador antes de retirar la batería. Mantenga todas las tarjetas SIM fuera del alcance de los niños. Para obtener más información sobre disponibilidad y uso de los servicios de tarjetas SIM, comuníquese con el proveedor de su tarjeta SIM. Puede ser su proveedor de servicios, operador de red u otro proveedor. La tarjeta SIM y sus contactos pueden dañarse fácilmente al rayarse o doblarse, así que tenga cuidado al manejar, instalar o retirar la tarjeta. Para instalar la tarjeta SIM:
1. Presione y deslice la parte superior de la cubierta posterior para soltarla, luego continúe deslizando la cubierta posterior para levantarla y retirarla del teléfono.
2. Después de retirar la cubierta posterior, inserte su dedo debajo de la batería y levántela como se muestra.
3. Coloque una uña en la parte central del soporte metálico de la tarjeta SIM. Luego, suelte y abra el soporte de la tarjeta SIM. 
4. Inserte la tarjeta SIM en el soporte como se muestra, primero la esquina biselada, con los contactos dorados en la tarjeta SIM hacia arriba (lejos del teléfono).
5. Gire el sujetador de la tarjeta SIM para que cierre. Los contactos dorados en la tarjeta SIM coinciden con los contactos dorados dentro del teléfono. Presione cuidadosamente  el soporte de la tarjeta SIM dentro del teléfono hasta que encaje en su sitio.
6. Vuelva a colocar la batería, al colocarla (con el lado de la etiqueta hacia arriba), de manera que los contactos dorados coincidan con los del teléfono. Deslíce la batería hasta que encaje en su sitio. 
7. Deslíce la cubierta posterior hasta que encaje en su sitio.",,True,True,42.56005096435547,349952,0.7308970093727112,8ceb87ae-7ab3-49c3-9a82-d2a54dda8133,1b828951-b770-4396-bbe8-d29598ef12f9,0,[],2025-09-11 03:03:30.573093+00:00
